coin_name,spider_web,virtual_drop_A,virtual_drop_B,time_A,time_B,condition,func
SAGA,inversting,3.095,1.632,11-25 08:00,11-25 09:00,change <=-0.7,apply_condition_2_to_func_1_base
CHILLGUY,inversting,1.538,6.494,11-25 12:00,11-25 17:00,A或者B前6小时存在跌幅 <= -2.4%,apply_condition_2_to_func_1_base
FRED,inversting,3.312,3.962,11-25 11:00,11-25 19:00,A或者B前6小时存在跌幅 <= -2.4%,apply_condition_2_to_func_1_base
HIPPO,inversting,1.227,1.127,11-25 07:00,11-25 19:00,A或者B前6小时存在跌幅 <= -2.4%,apply_condition_2_to_func_1_base
KAIA,binance,1.129,1.630,11-25 05:00,11-25 09:00,A或者B前6小时存在跌幅 <= -2.4%,apply_condition_2_to_func_1_base
NOT,inversting,1.958,1.441,11-25 08:00,11-25 18:00,A或者B前6小时存在跌幅 <= -2.4%,apply_condition_2_to_func_1_base
OXT,inversting,1.173,1.203,11-25 05:00,11-25 06:00,A或者B前6小时存在跌幅 <= -2.4%,apply_condition_2_to_func_1_base
TLM,binance,1.136,1.443,11-25 07:00,11-25 18:00,A或者B前6小时存在跌幅 <= -2.4%,apply_condition_2_to_func_1_base
XLM,binance,1.475,2.619,11-25 06:00,11-25 09:00,A或者B前6小时存在跌幅 <= -2.4%,apply_condition_2_to_func_1_base
GAS,inversting,2.381,1.674,11-25 07:00,11-25 09:00,change <=-0.7,apply_condition_2_to_func_1_base
ICP,binance,1.636,2.078,11-25 18:00,11-25 21:00,change <=-0.7,apply_condition_2_to_func_1_base
REEF,inversting,1.901,1.303,11-25 01:00,11-25 21:00,change <=-0.7,apply_condition_2_to_func_1_base
SAGA,binance,3.186,1.742,11-25 08:00,11-25 21:00,change <=-0.7,apply_condition_2_to_func_1_base
SLF,inversting,2.296,1.730,11-25 08:00,11-25 09:00,change <=-0.7,apply_condition_2_to_func_1_base
TIA,binance,3.341,1.276,11-24 22:00,11-25 18:00,change <=-0.7,apply_condition_2_to_func_1_base
USUAL,inversting,4.464,1.166,11-25 15:00,11-25 16:00,change <=-0.7,apply_condition_2_to_func_1_base
VVAIFU,inversting,4.945,7.339,11-25 11:00,11-25 21:00,change <=-0.7,apply_condition_2_to_func_1_base
AI,binance,1.132,1.193,11-25 09:00,11-25 21:00,A或者B前6小时存在跌幅 <= -2.4%,apply_condition_2_to_func_1_base
CHILLGUY,inversting,4.416,2.272,11-25 08:00,11-25 21:00,A或者B前6小时存在跌幅 <= -2.4%,apply_condition_2_to_func_1_base
DYM,inversting,2.148,1.291,11-25 03:00,11-25 21:00,A或者B前6小时存在跌幅 <= -2.4%,apply_condition_2_to_func_1_base
GME,inversting,1.280,1.721,11-25 19:00,11-25 21:00,A或者B前6小时存在跌幅 <= -2.4%,apply_condition_2_to_func_1_base
HIPPO,inversting,1.415,1.774,11-25 04:00,11-25 21:00,A或者B前6小时存在跌幅 <= -2.4%,apply_condition_2_to_func_1_base
KAIA,binance,1.129,1.630,11-25 05:00,11-25 09:00,A或者B前6小时存在跌幅 <= -2.4%,apply_condition_2_to_func_1_base
LTO,binance,1.266,1.192,11-25 12:00,11-25 16:00,A或者B前6小时存在跌幅 <= -2.4%,apply_condition_2_to_func_1_base
LUMIA,binance,1.219,2.574,11-25 13:00,11-25 17:00,A或者B前6小时存在跌幅 <= -2.4%,apply_condition_2_to_func_1_base
MAVIA,inversting,1.612,1.292,11-25 19:00,11-25 21:00,A或者B前6小时存在跌幅 <= -2.4%,apply_condition_2_to_func_1_base
MOODENG,inversting,3.639,1.208,11-25 01:00,11-25 12:00,A或者B前6小时存在跌幅 <= -2.4%,apply_condition_2_to_func_1_base
NOT,binance,1.735,1.328,11-25 08:00,11-25 18:00,A或者B前6小时存在跌幅 <= -2.4%,apply_condition_2_to_func_1_base
OXT,inversting,1.173,1.203,11-25 05:00,11-25 06:00,A或者B前6小时存在跌幅 <= -2.4%,apply_condition_2_to_func_1_base
PAAL,inversting,2.235,2.857,11-25 14:00,11-25 21:00,A或者B前6小时存在跌幅 <= -2.4%,apply_condition_2_to_func_1_base
RSR,binance,1.242,1.525,11-24 22:00,11-25 01:00,A或者B前6小时存在跌幅 <= -2.4%,apply_condition_2_to_func_1_base
STX,binance,1.139,1.390,11-25 12:00,11-25 13:00,A或者B前6小时存在跌幅 <= -2.4%,apply_condition_2_to_func_1_base
THL,inversting,1.154,1.574,11-24 22:00,11-24 23:00,A或者B前6小时存在跌幅 <= -2.4%,apply_condition_2_to_func_1_base
TLM,binance,1.136,1.443,11-25 07:00,11-25 18:00,A或者B前6小时存在跌幅 <= -2.4%,apply_condition_2_to_func_1_base
VELO,binance,1.613,1.695,11-24 23:00,11-25 11:00,A或者B前6小时存在跌幅 <= -2.4%,apply_condition_2_to_func_1_base
XCNt,inversting,3.693,1.246,11-25 03:00,11-25 19:00,A或者B前6小时存在跌幅 <= -2.4%,apply_condition_2_to_func_1_base
XLM,binance,1.475,2.619,11-25 06:00,11-25 09:00,A或者B前6小时存在跌幅 <= -2.4%,apply_condition_2_to_func_1_base
YGG,binance,1.145,2.501,11-25 08:00,11-25 09:00,A或者B前6小时存在跌幅 <= -2.4%,apply_condition_2_to_func_1_base
VVAIFU,inversting,4.945,7.339,11-25 11:00,11-25 21:00,change <=-0.7,apply_condition_2_to_func_1_base
OXT,inversting,1.173,1.203,11-25 05:00,11-25 06:00,A或者B前6小时存在跌幅 <= -2.4%,apply_condition_2_to_func_1_base
VVAIFU,inversting,4.945,7.339,11-25 11:00,11-25 21:00,change <=-0.7,apply_condition_2_to_func_1_base
HIPPO,inversting,1.415,1.774,11-25 04:00,11-25 21:00,A或者B前6小时存在跌幅 <= -2.4%,apply_condition_2_to_func_1_base
OXT,inversting,3.025,2.103,11-25 09:00,11-25 23:00,change <=-0.7,apply_condition_2_to_func_1_base
VVAIFU,inversting,4.945,7.339,11-25 11:00,11-25 21:00,change <=-0.7,apply_condition_2_to_func_1_base
CHILLGUY,inversting,4.416,2.272,11-25 08:00,11-25 21:00,A或者B前6小时存在跌幅 <= -2.4%,apply_condition_2_to_func_1_base
CSPR,inversting,1.840,1.899,11-25 16:00,11-25 23:00,A或者B前6小时存在跌幅 <= -2.4%,apply_condition_2_to_func_1_base
FRED,inversting,3.312,4.067,11-25 11:00,11-26 00:00,A或者B前6小时存在跌幅 <= -2.4%,apply_condition_2_to_func_1_base
HIPPO,inversting,1.415,1.774,11-25 04:00,11-25 21:00,A或者B前6小时存在跌幅 <= -2.4%,apply_condition_2_to_func_1_base
NIKO,inversting,2.087,1.203,11-25 02:00,11-25 22:00,A或者B前6小时存在跌幅 <= -2.4%,apply_condition_2_to_func_1_base
PNUT,binance,1.182,1.243,11-25 04:00,11-25 22:00,A或者B前6小时存在跌幅 <= -2.4%,apply_condition_2_to_func_1_base
TAI,inversting,2.364,1.147,11-25 23:00,11-26 00:00,A或者B前6小时存在跌幅 <= -2.4%,apply_condition_2_to_func_1_base
XCNt,inversting,3.693,1.246,11-25 03:00,11-25 19:00,A或者B前6小时存在跌幅 <= -2.4%,apply_condition_2_to_func_1_base
BURGER,binance,1.943,1.182,11-25 09:00,11-26 00:00,A或者B前6小时存在跌幅 <= -2.4%,apply_condition_2_to_func_1_base
CSPR,inversting,1.840,1.899,11-25 16:00,11-25 23:00,A或者B前6小时存在跌幅 <= -2.4%,apply_condition_2_to_func_1_base
MODEn,inversting,1.561,1.347,11-25 18:00,11-25 23:00,A或者B前6小时存在跌幅 <= -2.4%,apply_condition_2_to_func_1_base
MOG,inversting,1.434,1.115,11-25 20:00,11-26 00:00,A或者B前6小时存在跌幅 <= -2.4%,apply_condition_2_to_func_1_base
MUBI,inversting,3.065,1.206,11-25 21:00,11-26 00:00,A或者B前6小时存在跌幅 <= -2.4%,apply_condition_2_to_func_1_base
SUPER,binance,1.723,1.135,11-25 09:00,11-26 00:00,A或者B前6小时存在跌幅 <= -2.4%,apply_condition_2_to_func_1_base
SUPERf,inversting,1.613,1.157,11-25 09:00,11-26 00:00,A或者B前6小时存在跌幅 <= -2.4%,apply_condition_2_to_func_1_base
UNI,binance,1.588,1.457,11-25 19:00,11-26 01:00,A或者B前6小时存在跌幅 <= -2.4%,apply_condition_2_to_func_1_base
UNIs,inversting,1.655,1.361,11-25 19:00,11-26 01:00,A或者B前6小时存在跌幅 <= -2.4%,apply_condition_2_to_func_1_base
WOJAK,inversting,1.332,1.150,11-25 13:00,11-26 01:00,A或者B前6小时存在跌幅 <= -2.4%,apply_condition_2_to_func_1_base
BURGER,binance,1.943,1.182,11-25 09:00,11-26 00:00,A或者B前6小时存在跌幅 <= -2.4%,apply_condition_2_to_func_1_base
GME,inversting,1.553,1.566,11-25 09:00,11-26 01:00,A或者B前6小时存在跌幅 <= -2.4%,apply_condition_2_to_func_1_base
MOCA,inversting,1.396,1.397,11-25 05:00,11-26 00:00,A或者B前6小时存在跌幅 <= -2.4%,apply_condition_2_to_func_1_base
MODEn,inversting,1.561,1.347,11-25 18:00,11-25 23:00,A或者B前6小时存在跌幅 <= -2.4%,apply_condition_2_to_func_1_base
NIKO,inversting,2.394,1.203,11-25 08:00,11-25 22:00,A或者B前6小时存在跌幅 <= -2.4%,apply_condition_2_to_func_1_base
UNI,binance,1.588,1.457,11-25 19:00,11-26 01:00,A或者B前6小时存在跌幅 <= -2.4%,apply_condition_2_to_func_1_base
UNIs,inversting,1.655,1.361,11-25 19:00,11-26 01:00,A或者B前6小时存在跌幅 <= -2.4%,apply_condition_2_to_func_1_base
FRED,inversting,1.721,1.154,11-25 05:00,11-26 01:00,A或者B前6小时存在跌幅 <= -2.4%,apply_condition_2_to_func_1_base
GAS,inversting,2.381,1.165,11-25 07:00,11-26 01:00,change <=-0.7,apply_condition_2_to_func_1_base
LUMIA,binance,2.889,1.362,11-25 09:00,11-26 01:00,change <=-0.7,apply_condition_2_to_func_1_base
OXT,inversting,3.025,2.103,11-25 09:00,11-25 23:00,change <=-0.7,apply_condition_2_to_func_1_base
ALPACA,binance,1.282,1.554,11-25 21:00,11-26 01:00,A或者B前6小时存在跌幅 <= -2.4%,apply_condition_2_to_func_1_base
ARPA,binance,1.706,1.260,11-25 09:00,11-26 01:00,A或者B前6小时存在跌幅 <= -2.4%,apply_condition_2_to_func_1_base
BADGER,inversting,1.592,1.348,11-25 18:00,11-26 01:00,A或者B前6小时存在跌幅 <= -2.4%,apply_condition_2_to_func_1_base
BAKE,binance,1.809,1.197,11-25 18:00,11-26 00:00,A或者B前6小时存在跌幅 <= -2.4%,apply_condition_2_to_func_1_base
BURGER,binance,1.943,1.182,11-25 09:00,11-26 00:00,A或者B前6小时存在跌幅 <= -2.4%,apply_condition_2_to_func_1_base
CHR,inversting,1.612,1.566,11-25 18:00,11-26 00:00,A或者B前6小时存在跌幅 <= -2.4%,apply_condition_2_to_func_1_base
CLV,binance,2.326,1.345,11-25 21:00,11-26 01:00,A或者B前6小时存在跌幅 <= -2.4%,apply_condition_2_to_func_1_base
DEGEN,inversting,1.197,1.345,11-25 20:00,11-26 00:00,A或者B前6小时存在跌幅 <= -2.4%,apply_condition_2_to_func_1_base
DENT,binance,1.140,1.321,11-25 18:00,11-26 01:00,A或者B前6小时存在跌幅 <= -2.4%,apply_condition_2_to_func_1_base
FRED,inversting,1.721,1.154,11-25 05:00,11-26 01:00,A或者B前6小时存在跌幅 <= -2.4%,apply_condition_2_to_func_1_base
GME,inversting,1.553,1.566,11-25 09:00,11-26 01:00,A或者B前6小时存在跌幅 <= -2.4%,apply_condition_2_to_func_1_base
GROK,inversting,1.364,1.310,11-25 19:00,11-26 03:00,A或者B前6小时存在跌幅 <= -2.4%,apply_condition_2_to_func_1_base
HIPPO,inversting,1.464,1.774,11-25 05:00,11-25 21:00,A或者B前6小时存在跌幅 <= -2.4%,apply_condition_2_to_func_1_base
IOST,inversting,1.453,1.165,11-25 18:00,11-26 01:00,A或者B前6小时存在跌幅 <= -2.4%,apply_condition_2_to_func_1_base
KAIA,binance,1.129,1.630,11-25 05:00,11-25 09:00,A或者B前6小时存在跌幅 <= -2.4%,apply_condition_2_to_func_1_base
MATIC,inversting,1.264,1.384,11-25 19:00,11-26 01:00,A或者B前6小时存在跌幅 <= -2.4%,apply_condition_2_to_func_1_base
MOCA,inversting,1.396,1.397,11-25 05:00,11-26 00:00,A或者B前6小时存在跌幅 <= -2.4%,apply_condition_2_to_func_1_base
MODEn,inversting,1.561,1.347,11-25 18:00,11-25 23:00,A或者B前6小时存在跌幅 <= -2.4%,apply_condition_2_to_func_1_base
MOG,inversting,1.434,1.115,11-25 20:00,11-26 00:00,A或者B前6小时存在跌幅 <= -2.4%,apply_condition_2_to_func_1_base
MOODENG,inversting,1.384,1.208,11-25 08:00,11-25 12:00,A或者B前6小时存在跌幅 <= -2.4%,apply_condition_2_to_func_1_base
PEPE,inversting,1.150,1.181,11-25 09:00,11-26 01:00,A或者B前6小时存在跌幅 <= -2.4%,apply_condition_2_to_func_1_base
QTUM,binance,1.455,1.188,11-25 18:00,11-26 01:00,A或者B前6小时存在跌幅 <= -2.4%,apply_condition_2_to_func_1_base
SAND,binance,3.527,1.213,11-25 08:00,11-26 04:00,A或者B前6小时存在跌幅 <= -2.4%,apply_condition_2_to_func_1_base
THL,inversting,1.795,1.312,11-25 05:00,11-25 22:00,A或者B前6小时存在跌幅 <= -2.4%,apply_condition_2_to_func_1_base
TLM,binance,1.136,1.443,11-25 07:00,11-25 18:00,A或者B前6小时存在跌幅 <= -2.4%,apply_condition_2_to_func_1_base
UNI,binance,1.588,1.457,11-25 19:00,11-26 01:00,A或者B前6小时存在跌幅 <= -2.4%,apply_condition_2_to_func_1_base
UNIs,inversting,1.655,1.361,11-25 19:00,11-26 01:00,A或者B前6小时存在跌幅 <= -2.4%,apply_condition_2_to_func_1_base
YFI,inversting,1.209,1.223,11-25 18:00,11-26 00:00,A或者B前6小时存在跌幅 <= -2.4%,apply_condition_2_to_func_1_base
ZIL,binance,1.533,1.196,11-25 18:00,11-26 01:00,A或者B前6小时存在跌幅 <= -2.4%,apply_condition_2_to_func_1_base
WELSH,inversting,3.704,3.084,11-25 23:00,11-26 04:00,change <=-0.7,apply_condition_2_to_func_1_base
BILLY,inversting,1.182,1.180,11-25 16:00,11-26 04:00,A或者B前6小时存在跌幅 <= -2.4%,apply_condition_2_to_func_1_base
BURGER,binance,1.943,1.182,11-25 09:00,11-26 00:00,A或者B前6小时存在跌幅 <= -2.4%,apply_condition_2_to_func_1_base
CLV,binance,2.326,1.345,11-25 21:00,11-26 01:00,A或者B前6小时存在跌幅 <= -2.4%,apply_condition_2_to_func_1_base
COREUM,inversting,1.980,1.365,11-26 03:00,11-26 05:00,A或者B前6小时存在跌幅 <= -2.4%,apply_condition_2_to_func_1_base
CRV,binance,1.175,2.231,11-25 21:00,11-26 00:00,A或者B前6小时存在跌幅 <= -2.4%,apply_condition_2_to_func_1_base
DENT,binance,1.140,1.321,11-25 18:00,11-26 01:00,A或者B前6小时存在跌幅 <= -2.4%,apply_condition_2_to_func_1_base
MODEn,inversting,1.561,1.347,11-25 18:00,11-25 23:00,A或者B前6小时存在跌幅 <= -2.4%,apply_condition_2_to_func_1_base
NEAR,binance,1.659,1.238,11-25 09:00,11-26 01:00,A或者B前6小时存在跌幅 <= -2.4%,apply_condition_2_to_func_1_base
POL,binance,1.179,1.488,11-25 19:00,11-26 01:00,A或者B前6小时存在跌幅 <= -2.4%,apply_condition_2_to_func_1_base
PRCL,inversting,2.529,1.342,11-25 08:00,11-26 05:00,A或者B前6小时存在跌幅 <= -2.4%,apply_condition_2_to_func_1_base
STT,inversting,2.558,2.878,11-25 08:00,11-25 10:00,A或者B前6小时存在跌幅 <= -2.4%,apply_condition_2_to_func_1_base
XLM,binance,2.740,1.362,11-25 07:00,11-26 05:00,A或者B前6小时存在跌幅 <= -2.4%,apply_condition_2_to_func_1_base
CVX,binance,1.865,3.072,11-26 00:00,11-26 06:00,change <=-0.7,apply_condition_2_to_func_1_base
DADDY,inversting,1.535,1.798,11-25 21:00,11-26 06:00,change <=-0.7,apply_condition_2_to_func_1_base
PUFFER,inversting,1.818,3.963,11-26 05:00,11-26 06:00,change <=-0.7,apply_condition_2_to_func_1_base
THL,inversting,2.366,3.002,11-25 18:00,11-26 00:00,change <=-0.7,apply_condition_2_to_func_1_base
COREUM,inversting,1.980,1.365,11-26 03:00,11-26 05:00,A或者B前6小时存在跌幅 <= -2.4%,apply_condition_2_to_func_1_base
TAI,inversting,2.364,1.342,11-25 23:00,11-26 01:00,A或者B前6小时存在跌幅 <= -2.4%,apply_condition_2_to_func_1_base
MAGA,inversting,1.497,3.130,11-26 05:00,11-26 06:00,change <=-0.7,apply_condition_2_to_func_1_base
PUFFER,inversting,1.818,3.963,11-26 05:00,11-26 06:00,change <=-0.7,apply_condition_2_to_func_1_base
SAND,binance,3.527,2.219,11-25 08:00,11-26 01:00,A或者B前6小时存在跌幅 <= -2.4%,apply_condition_2_to_func_1_base
TAIKO,inversting,1.891,2.439,11-25 21:00,11-26 06:00,A或者B前6小时存在跌幅 <= -2.4%,apply_condition_2_to_func_1_base
NIKO,inversting,2.430,3.425,11-25 09:00,11-26 05:00,change <=-0.7,apply_condition_2_to_func_1_base
COREUM,inversting,1.980,1.365,11-26 03:00,11-26 05:00,A或者B前6小时存在跌幅 <= -2.4%,apply_condition_2_to_func_1_base
REZ,binance,2.294,1.504,11-26 00:00,11-26 01:00,change <=-0.7,apply_condition_2_to_func_1_base
REZ,binance,2.294,1.504,11-26 00:00,11-26 01:00,change <=-0.7,apply_condition_2_to_func_1_base
CRV,binance,1.175,2.231,11-25 21:00,11-26 00:00,A或者B前6小时存在跌幅 <= -2.4%,apply_condition_2_to_func_1_base
CVX,binance,1.865,3.072,11-26 00:00,11-26 06:00,change <=-0.7,apply_condition_2_to_func_1_base
NIKO,inversting,1.203,2.279,11-25 22:00,11-26 07:00,change <=-0.7,apply_condition_2_to_func_1_base
ELF,inversting,1.186,1.804,11-26 02:00,11-26 09:00,A或者B前6小时存在跌幅 <= -2.4%,apply_condition_2_to_func_1_base
MOG,inversting,1.434,1.115,11-25 20:00,11-26 00:00,A或者B前6小时存在跌幅 <= -2.4%,apply_condition_2_to_func_1_base
SAND,binance,3.197,2.219,11-25 12:00,11-26 01:00,A或者B前6小时存在跌幅 <= -2.4%,apply_condition_2_to_func_1_base
THL,inversting,3.002,1.136,11-26 00:00,11-26 10:00,change <=-0.7,apply_condition_2_to_func_1_base
ICP,binance,1.636,2.078,11-25 18:00,11-25 21:00,change <=-0.7,apply_condition_2_to_func_1_base
MAVIA,inversting,1.579,2.267,11-26 05:00,11-26 11:00,change <=-0.7,apply_condition_2_to_func_1_base
PUFFER,inversting,1.818,3.963,11-26 05:00,11-26 06:00,change <=-0.7,apply_condition_2_to_func_1_base
THL,inversting,3.002,1.136,11-26 00:00,11-26 10:00,change <=-0.7,apply_condition_2_to_func_1_base
TNSR,binance,1.155,1.539,11-25 18:00,11-26 01:00,change <=-0.7,apply_condition_2_to_func_1_base
VVAIFU,inversting,7.339,3.571,11-25 21:00,11-26 13:00,change <=-0.7,apply_condition_2_to_func_1_base
DOG,inversting,1.339,1.213,11-25 21:00,11-26 08:00,A或者B前6小时存在跌幅 <= -2.4%,apply_condition_2_to_func_1_base
ELF,inversting,1.186,1.804,11-26 02:00,11-26 09:00,A或者B前6小时存在跌幅 <= -2.4%,apply_condition_2_to_func_1_base
FRED,inversting,1.439,4.067,11-25 18:00,11-26 00:00,A或者B前6小时存在跌幅 <= -2.4%,apply_condition_2_to_func_1_base
MOG,inversting,1.434,1.115,11-25 20:00,11-26 00:00,A或者B前6小时存在跌幅 <= -2.4%,apply_condition_2_to_func_1_base
BB,inversting,1.424,1.678,11-25 18:00,11-26 05:00,change <=-0.7,apply_condition_2_to_func_1_base
CVX,binance,1.865,3.072,11-26 00:00,11-26 06:00,change <=-0.7,apply_condition_2_to_func_1_base
DADDY,inversting,2.503,2.092,11-26 02:00,11-26 07:00,change <=-0.7,apply_condition_2_to_func_1_base
DOGS,binance,2.311,1.517,11-26 00:00,11-26 05:00,change <=-0.7,apply_condition_2_to_func_1_base
ICP,binance,1.636,2.078,11-25 18:00,11-25 21:00,change <=-0.7,apply_condition_2_to_func_1_base
IOTA,binance,2.452,1.434,11-25 18:00,11-26 11:00,change <=-0.7,apply_condition_2_to_func_1_base
MAVIA,inversting,1.579,2.267,11-26 05:00,11-26 11:00,change <=-0.7,apply_condition_2_to_func_1_base
PUFFER,inversting,1.818,3.963,11-26 05:00,11-26 06:00,change <=-0.7,apply_condition_2_to_func_1_base
REZ,binance,2.294,1.504,11-26 00:00,11-26 01:00,change <=-0.7,apply_condition_2_to_func_1_base
THL,inversting,3.002,1.136,11-26 00:00,11-26 10:00,change <=-0.7,apply_condition_2_to_func_1_base
TNSR,binance,1.155,1.539,11-25 18:00,11-26 01:00,change <=-0.7,apply_condition_2_to_func_1_base
USUAL,inversting,4.464,1.467,11-25 15:00,11-26 12:00,change <=-0.7,apply_condition_2_to_func_1_base
VET,binance,2.019,1.284,11-25 18:00,11-26 11:00,change <=-0.7,apply_condition_2_to_func_1_base
VVAIFU,inversting,7.339,3.571,11-25 21:00,11-26 13:00,change <=-0.7,apply_condition_2_to_func_1_base
ACA,binance,1.285,1.127,11-26 00:00,11-26 12:00,A或者B前6小时存在跌幅 <= -2.4%,apply_condition_2_to_func_1_base
BONK,binance,1.156,1.367,11-25 20:00,11-26 05:00,A或者B前6小时存在跌幅 <= -2.4%,apply_condition_2_to_func_1_base
COREUM,inversting,1.980,1.365,11-26 03:00,11-26 05:00,A或者B前6小时存在跌幅 <= -2.4%,apply_condition_2_to_func_1_base
CRV,binance,1.175,2.231,11-25 21:00,11-26 00:00,A或者B前6小时存在跌幅 <= -2.4%,apply_condition_2_to_func_1_base
DENT,inversting,1.321,1.107,11-26 01:00,11-26 12:00,A或者B前6小时存在跌幅 <= -2.4%,apply_condition_2_to_func_1_base
DOG,inversting,1.339,1.213,11-25 21:00,11-26 08:00,A或者B前6小时存在跌幅 <= -2.4%,apply_condition_2_to_func_1_base
ELF,inversting,1.186,1.804,11-26 02:00,11-26 09:00,A或者B前6小时存在跌幅 <= -2.4%,apply_condition_2_to_func_1_base
FLUX,binance,1.138,1.177,11-26 04:00,11-26 11:00,A或者B前6小时存在跌幅 <= -2.4%,apply_condition_2_to_func_1_base
GALA,binance,2.580,1.643,11-25 18:00,11-26 01:00,A或者B前6小时存在跌幅 <= -2.4%,apply_condition_2_to_func_1_base
HIPPO,inversting,1.818,1.127,11-25 15:00,11-25 19:00,A或者B前6小时存在跌幅 <= -2.4%,apply_condition_2_to_func_1_base
IOTX,binance,1.273,1.379,11-26 01:00,11-26 11:00,A或者B前6小时存在跌幅 <= -2.4%,apply_condition_2_to_func_1_base
LRC,binance,1.619,1.435,11-26 00:00,11-26 11:00,A或者B前6小时存在跌幅 <= -2.4%,apply_condition_2_to_func_1_base
MANA,binance,1.171,1.223,11-25 16:00,11-26 01:00,A或者B前6小时存在跌幅 <= -2.4%,apply_condition_2_to_func_1_base
MATIC,inversting,1.264,1.384,11-25 19:00,11-26 01:00,A或者B前6小时存在跌幅 <= -2.4%,apply_condition_2_to_func_1_base
MODEn,inversting,1.561,1.347,11-25 18:00,11-25 23:00,A或者B前6小时存在跌幅 <= -2.4%,apply_condition_2_to_func_1_base
MOG,inversting,1.434,1.115,11-25 20:00,11-26 00:00,A或者B前6小时存在跌幅 <= -2.4%,apply_condition_2_to_func_1_base
MOODENG,inversting,1.205,1.551,11-25 15:00,11-26 00:00,A或者B前6小时存在跌幅 <= -2.4%,apply_condition_2_to_func_1_base
NEIRO,inversting,1.122,1.170,11-25 18:00,11-26 11:00,A或者B前6小时存在跌幅 <= -2.4%,apply_condition_2_to_func_1_base
POL,binance,1.179,1.488,11-25 19:00,11-26 01:00,A或者B前6小时存在跌幅 <= -2.4%,apply_condition_2_to_func_1_base
RAD,binance,1.363,1.309,11-25 18:00,11-26 01:00,A或者B前6小时存在跌幅 <= -2.4%,apply_condition_2_to_func_1_base
RDNT,binance,1.190,1.111,11-25 18:00,11-26 11:00,A或者B前6小时存在跌幅 <= -2.4%,apply_condition_2_to_func_1_base
SAND,binance,1.276,2.219,11-25 16:00,11-26 01:00,A或者B前6小时存在跌幅 <= -2.4%,apply_condition_2_to_func_1_base
SCR,binance,1.556,1.295,11-25 18:00,11-26 01:00,A或者B前6小时存在跌幅 <= -2.4%,apply_condition_2_to_func_1_base
SPEC,inversting,1.224,1.353,11-26 01:00,11-26 13:00,A或者B前6小时存在跌幅 <= -2.4%,apply_condition_2_to_func_1_base
STRK,inversting,1.639,1.695,11-26 05:00,11-26 14:00,A或者B前6小时存在跌幅 <= -2.4%,apply_condition_2_to_func_1_base
YFI,inversting,1.209,1.223,11-25 18:00,11-26 00:00,A或者B前6小时存在跌幅 <= -2.4%,apply_condition_2_to_func_1_base
ZRO,binance,1.124,1.175,11-25 18:00,11-26 05:00,A或者B前6小时存在跌幅 <= -2.4%,apply_condition_2_to_func_1_base
AEVO,binance,1.643,1.640,11-25 19:00,11-26 01:00,change <=-0.7,apply_condition_2_to_func_1_base
BB,inversting,1.424,1.678,11-25 18:00,11-26 05:00,change <=-0.7,apply_condition_2_to_func_1_base
BONE,inversting,3.637,1.692,11-25 20:00,11-26 06:00,change <=-0.7,apply_condition_2_to_func_1_base
CVX,binance,1.865,3.072,11-26 00:00,11-26 06:00,change <=-0.7,apply_condition_2_to_func_1_base
DOGS,binance,2.311,1.517,11-26 00:00,11-26 05:00,change <=-0.7,apply_condition_2_to_func_1_base
EDU,binance,1.606,1.579,11-25 18:00,11-26 01:00,change <=-0.7,apply_condition_2_to_func_1_base
ICP,binance,1.636,2.078,11-25 18:00,11-25 21:00,change <=-0.7,apply_condition_2_to_func_1_base
IOTA,binance,2.452,2.095,11-25 18:00,11-26 06:00,change <=-0.7,apply_condition_2_to_func_1_base
MAVIA,inversting,1.579,2.267,11-26 05:00,11-26 11:00,change <=-0.7,apply_condition_2_to_func_1_base
MBOX,inversting,1.717,2.620,11-26 00:00,11-26 06:00,change <=-0.7,apply_condition_2_to_func_1_base
MOODENGv,inversting,2.859,1.383,11-25 23:00,11-26 06:00,change <=-0.7,apply_condition_2_to_func_1_base
NEO,binance,1.753,2.334,11-25 18:00,11-26 06:00,change <=-0.7,apply_condition_2_to_func_1_base
PUFFER,inversting,1.818,3.963,11-26 05:00,11-26 06:00,change <=-0.7,apply_condition_2_to_func_1_base
REZ,binance,2.294,1.504,11-26 00:00,11-26 01:00,change <=-0.7,apply_condition_2_to_func_1_base
TNSR,binance,1.155,1.539,11-25 18:00,11-26 01:00,change <=-0.7,apply_condition_2_to_func_1_base
VET,binance,2.019,1.284,11-25 18:00,11-26 11:00,change <=-0.7,apply_condition_2_to_func_1_base
VVAIFU,inversting,7.339,3.571,11-25 21:00,11-26 13:00,change <=-0.7,apply_condition_2_to_func_1_base
WOJAK,inversting,4.992,1.868,11-25 23:00,11-26 13:00,change <=-0.7,apply_condition_2_to_func_1_base
1INCH,binance,1.759,1.350,11-26 00:00,11-26 11:00,A或者B前6小时存在跌幅 <= -2.4%,apply_condition_2_to_func_1_base
ACA,binance,1.285,1.127,11-26 00:00,11-26 12:00,A或者B前6小时存在跌幅 <= -2.4%,apply_condition_2_to_func_1_base
AGI,inversting,1.137,1.811,11-26 00:00,11-26 06:00,A或者B前6小时存在跌幅 <= -2.4%,apply_condition_2_to_func_1_base
ATOM,inversting,1.210,2.705,11-25 23:00,11-26 06:00,A或者B前6小时存在跌幅 <= -2.4%,apply_condition_2_to_func_1_base
BAKE,inversting,2.026,1.154,11-25 18:00,11-26 05:00,A或者B前6小时存在跌幅 <= -2.4%,apply_condition_2_to_func_1_base
BEAMX,binance,2.827,1.163,11-26 06:00,11-26 08:00,A或者B前6小时存在跌幅 <= -2.4%,apply_condition_2_to_func_1_base
BIGTIME,inversting,1.384,1.218,11-25 18:00,11-26 01:00,A或者B前6小时存在跌幅 <= -2.4%,apply_condition_2_to_func_1_base
BLUR,binance,1.681,1.474,11-25 18:00,11-26 01:00,A或者B前6小时存在跌幅 <= -2.4%,apply_condition_2_to_func_1_base
BONK,binance,1.156,1.367,11-25 20:00,11-26 05:00,A或者B前6小时存在跌幅 <= -2.4%,apply_condition_2_to_func_1_base
BURGER,inversting,1.394,1.240,11-26 01:00,11-26 11:00,A或者B前6小时存在跌幅 <= -2.4%,apply_condition_2_to_func_1_base
CAKE,binance,1.244,2.963,11-25 18:00,11-26 06:00,A或者B前6小时存在跌幅 <= -2.4%,apply_condition_2_to_func_1_base
CATI,binance,1.581,1.462,11-25 18:00,11-26 11:00,A或者B前6小时存在跌幅 <= -2.4%,apply_condition_2_to_func_1_base
CLV,binance,2.326,3.282,11-25 21:00,11-26 06:00,A或者B前6小时存在跌幅 <= -2.4%,apply_condition_2_to_func_1_base
COSt,inversting,1.713,1.926,11-25 23:00,11-26 01:00,A或者B前6小时存在跌幅 <= -2.4%,apply_condition_2_to_func_1_base
CRV,binance,1.175,2.231,11-25 21:00,11-26 00:00,A或者B前6小时存在跌幅 <= -2.4%,apply_condition_2_to_func_1_base
CSPR,inversting,1.899,1.258,11-25 23:00,11-26 15:00,A或者B前6小时存在跌幅 <= -2.4%,apply_condition_2_to_func_1_base
DENT,inversting,1.321,1.107,11-26 01:00,11-26 12:00,A或者B前6小时存在跌幅 <= -2.4%,apply_condition_2_to_func_1_base
DIA,inversting,1.205,1.220,11-25 18:00,11-26 00:00,A或者B前6小时存在跌幅 <= -2.4%,apply_condition_2_to_func_1_base
DOG,inversting,1.339,1.213,11-25 21:00,11-26 08:00,A或者B前6小时存在跌幅 <= -2.4%,apply_condition_2_to_func_1_base
EGLD,binance,1.467,1.150,11-26 01:00,11-26 05:00,A或者B前6小时存在跌幅 <= -2.4%,apply_condition_2_to_func_1_base
EIGEN,binance,2.604,2.379,11-26 00:00,11-26 11:00,A或者B前6小时存在跌幅 <= -2.4%,apply_condition_2_to_func_1_base
ELF,inversting,1.186,1.804,11-26 02:00,11-26 09:00,A或者B前6小时存在跌幅 <= -2.4%,apply_condition_2_to_func_1_base
ENS,binance,1.525,1.486,11-26 00:00,11-26 11:00,A或者B前6小时存在跌幅 <= -2.4%,apply_condition_2_to_func_1_base
ERN,binance,1.561,1.495,11-26 01:00,11-26 06:00,A或者B前6小时存在跌幅 <= -2.4%,apply_condition_2_to_func_1_base
FIDA,binance,1.357,1.334,11-25 18:00,11-26 01:00,A或者B前6小时存在跌幅 <= -2.4%,apply_condition_2_to_func_1_base
FLUX,binance,1.138,1.177,11-26 04:00,11-26 11:00,A或者B前6小时存在跌幅 <= -2.4%,apply_condition_2_to_func_1_base
GALA,binance,2.580,1.643,11-25 18:00,11-26 01:00,A或者B前6小时存在跌幅 <= -2.4%,apply_condition_2_to_func_1_base
GMT,binance,1.581,1.162,11-25 18:00,11-26 01:00,A或者B前6小时存在跌幅 <= -2.4%,apply_condition_2_to_func_1_base
GMTn,inversting,1.441,1.210,11-25 18:00,11-26 01:00,A或者B前6小时存在跌幅 <= -2.4%,apply_condition_2_to_func_1_base
HFT,binance,1.827,1.619,11-25 18:00,11-26 01:00,A或者B前6小时存在跌幅 <= -2.4%,apply_condition_2_to_func_1_base
HIGHs,inversting,1.406,1.143,11-26 00:00,11-26 08:00,A或者B前6小时存在跌幅 <= -2.4%,apply_condition_2_to_func_1_base
HIPPO,inversting,1.127,1.774,11-25 19:00,11-25 21:00,A或者B前6小时存在跌幅 <= -2.4%,apply_condition_2_to_func_1_base
IOTX,binance,1.273,2.927,11-26 01:00,11-26 06:00,A或者B前6小时存在跌幅 <= -2.4%,apply_condition_2_to_func_1_base
LRC,binance,1.619,3.496,11-26 00:00,11-26 06:00,A或者B前6小时存在跌幅 <= -2.4%,apply_condition_2_to_func_1_base
LUNAt,inversting,1.280,1.363,11-25 18:00,11-26 01:00,A或者B前6小时存在跌幅 <= -2.4%,apply_condition_2_to_func_1_base
MANA,binance,1.171,1.223,11-25 16:00,11-26 01:00,A或者B前6小时存在跌幅 <= -2.4%,apply_condition_2_to_func_1_base
MATIC,inversting,1.264,1.384,11-25 19:00,11-26 01:00,A或者B前6小时存在跌幅 <= -2.4%,apply_condition_2_to_func_1_base
MODEn,inversting,1.561,1.347,11-25 18:00,11-25 23:00,A或者B前6小时存在跌幅 <= -2.4%,apply_condition_2_to_func_1_base
MOG,inversting,1.434,1.115,11-25 20:00,11-26 00:00,A或者B前6小时存在跌幅 <= -2.4%,apply_condition_2_to_func_1_base
MOODENG,inversting,1.551,1.445,11-26 00:00,11-26 11:00,A或者B前6小时存在跌幅 <= -2.4%,apply_condition_2_to_func_1_base
NEAR,binance,1.104,1.700,11-26 00:00,11-26 06:00,A或者B前6小时存在跌幅 <= -2.4%,apply_condition_2_to_func_1_base
NEIRO,binance,2.108,1.128,11-25 21:00,11-26 05:00,A或者B前6小时存在跌幅 <= -2.4%,apply_condition_2_to_func_1_base
NOT,binance,1.328,1.255,11-25 18:00,11-26 08:00,A或者B前6小时存在跌幅 <= -2.4%,apply_condition_2_to_func_1_base
PEPE,binance,1.182,1.138,11-26 01:00,11-26 05:00,A或者B前6小时存在跌幅 <= -2.4%,apply_condition_2_to_func_1_base
PNUT,inversting,1.188,1.174,11-26 00:00,11-26 01:00,A或者B前6小时存在跌幅 <= -2.4%,apply_condition_2_to_func_1_base
POL,binance,1.179,1.488,11-25 19:00,11-26 01:00,A或者B前6小时存在跌幅 <= -2.4%,apply_condition_2_to_func_1_base
PONKE,inversting,1.231,2.022,11-25 18:00,11-26 06:00,A或者B前6小时存在跌幅 <= -2.4%,apply_condition_2_to_func_1_base
RAD,binance,1.363,1.309,11-25 18:00,11-26 01:00,A或者B前6小时存在跌幅 <= -2.4%,apply_condition_2_to_func_1_base
RDNT,binance,1.190,1.269,11-25 18:00,11-26 08:00,A或者B前6小时存在跌幅 <= -2.4%,apply_condition_2_to_func_1_base
REEF,inversting,1.251,2.067,11-26 01:00,11-26 06:00,A或者B前6小时存在跌幅 <= -2.4%,apply_condition_2_to_func_1_base
RSR,inversting,1.520,1.430,11-26 00:00,11-26 11:00,A或者B前6小时存在跌幅 <= -2.4%,apply_condition_2_to_func_1_base
SAFEt,inversting,1.237,1.478,11-25 21:00,11-26 06:00,A或者B前6小时存在跌幅 <= -2.4%,apply_condition_2_to_func_1_base
SAGA,binance,1.378,1.491,11-25 18:00,11-26 01:00,A或者B前6小时存在跌幅 <= -2.4%,apply_condition_2_to_func_1_base
SAND,binance,1.276,2.219,11-25 16:00,11-26 01:00,A或者B前6小时存在跌幅 <= -2.4%,apply_condition_2_to_func_1_base
SCR,binance,1.556,1.295,11-25 18:00,11-26 01:00,A或者B前6小时存在跌幅 <= -2.4%,apply_condition_2_to_func_1_base
SPEC,inversting,1.224,1.884,11-26 01:00,11-26 06:00,A或者B前6小时存在跌幅 <= -2.4%,apply_condition_2_to_func_1_base
SSV,binance,4.429,1.543,11-26 01:00,11-26 12:00,A或者B前6小时存在跌幅 <= -2.4%,apply_condition_2_to_func_1_base
STRK,inversting,1.639,1.695,11-26 05:00,11-26 14:00,A或者B前6小时存在跌幅 <= -2.4%,apply_condition_2_to_func_1_base
SUN,binance,1.224,1.242,11-26 00:00,11-26 11:00,A或者B前6小时存在跌幅 <= -2.4%,apply_condition_2_to_func_1_base
SXP,binance,1.182,2.543,11-26 01:00,11-26 06:00,A或者B前6小时存在跌幅 <= -2.4%,apply_condition_2_to_func_1_base
TRU,binance,1.514,1.662,11-26 01:00,11-26 12:00,A或者B前6小时存在跌幅 <= -2.4%,apply_condition_2_to_func_1_base
WEN,inversting,1.555,3.144,11-26 00:00,11-26 06:00,A或者B前6小时存在跌幅 <= -2.4%,apply_condition_2_to_func_1_base
WOO,binance,1.101,3.559,11-25 16:00,11-26 06:00,A或者B前6小时存在跌幅 <= -2.4%,apply_condition_2_to_func_1_base
YFI,inversting,1.209,1.223,11-25 18:00,11-26 00:00,A或者B前6小时存在跌幅 <= -2.4%,apply_condition_2_to_func_1_base
MAVIA,inversting,1.579,2.267,11-26 05:00,11-26 11:00,change <=-0.7,apply_condition_2_to_func_1_base
PHIL,inversting,2.367,1.154,11-25 21:00,11-26 16:00,change <=-0.7,apply_condition_2_to_func_1_base
APU,inversting,1.271,1.388,11-25 19:00,11-26 11:00,A或者B前6小时存在跌幅 <= -2.4%,apply_condition_2_to_func_1_base
CATs,inversting,1.319,3.019,11-25 18:00,11-26 06:00,A或者B前6小时存在跌幅 <= -2.4%,apply_condition_2_to_func_1_base
COREUM,inversting,1.980,1.365,11-26 03:00,11-26 05:00,A或者B前6小时存在跌幅 <= -2.4%,apply_condition_2_to_func_1_base
MODEn,inversting,1.561,1.347,11-25 18:00,11-25 23:00,A或者B前6小时存在跌幅 <= -2.4%,apply_condition_2_to_func_1_base
TAO,binance,2.351,1.124,11-26 06:00,11-26 15:00,A或者B前6小时存在跌幅 <= -2.4%,apply_condition_2_to_func_1_base
AEVO,binance,1.643,1.640,11-25 19:00,11-26 01:00,change <=-0.7,apply_condition_2_to_func_1_base
ALPHA,inversting,2.321,3.149,11-25 21:00,11-26 06:00,change <=-0.7,apply_condition_2_to_func_1_base
ATA,inversting,1.750,1.445,11-26 01:00,11-26 17:00,change <=-0.7,apply_condition_2_to_func_1_base
BB,inversting,1.424,1.678,11-25 18:00,11-26 05:00,change <=-0.7,apply_condition_2_to_func_1_base
BOME,binance,1.211,2.875,11-26 00:00,11-26 06:00,change <=-0.7,apply_condition_2_to_func_1_base
BONE,inversting,3.637,1.692,11-25 20:00,11-26 06:00,change <=-0.7,apply_condition_2_to_func_1_base
CHR,binance,1.804,3.586,11-26 01:00,11-26 06:00,change <=-0.7,apply_condition_2_to_func_1_base
CKB,inversting,1.165,1.937,11-26 00:00,11-26 16:00,change <=-0.7,apply_condition_2_to_func_1_base
DOGS,binance,2.311,1.517,11-26 00:00,11-26 05:00,change <=-0.7,apply_condition_2_to_func_1_base
EDU,binance,1.606,1.579,11-25 18:00,11-26 01:00,change <=-0.7,apply_condition_2_to_func_1_base
ENJ,inversting,1.786,1.103,11-26 01:00,11-26 17:00,change <=-0.7,apply_condition_2_to_func_1_base
FXS,binance,2.690,1.205,11-26 06:00,11-26 17:00,change <=-0.7,apply_condition_2_to_func_1_base
ICP,binance,1.636,2.078,11-25 18:00,11-25 21:00,change <=-0.7,apply_condition_2_to_func_1_base
IOTA,binance,2.452,2.095,11-25 18:00,11-26 06:00,change <=-0.7,apply_condition_2_to_func_1_base
IOTX,inversting,2.244,2.175,11-25 18:00,11-26 16:00,change <=-0.7,apply_condition_2_to_func_1_base
LDO,binance,1.800,1.666,11-26 05:00,11-26 16:00,change <=-0.7,apply_condition_2_to_func_1_base
LEVER,binance,1.514,3.307,11-26 01:00,11-26 06:00,change <=-0.7,apply_condition_2_to_func_1_base
MAVIA,inversting,1.579,2.267,11-26 05:00,11-26 11:00,change <=-0.7,apply_condition_2_to_func_1_base
MBOX,inversting,1.717,2.620,11-26 00:00,11-26 06:00,change <=-0.7,apply_condition_2_to_func_1_base
MOODENGv,inversting,2.859,1.383,11-25 23:00,11-26 06:00,change <=-0.7,apply_condition_2_to_func_1_base
NEO,binance,1.753,2.334,11-25 18:00,11-26 06:00,change <=-0.7,apply_condition_2_to_func_1_base
REZ,binance,2.294,1.504,11-26 00:00,11-26 01:00,change <=-0.7,apply_condition_2_to_func_1_base
TNSR,binance,1.155,1.539,11-25 18:00,11-26 01:00,change <=-0.7,apply_condition_2_to_func_1_base
VET,binance,2.019,1.284,11-25 18:00,11-26 11:00,change <=-0.7,apply_condition_2_to_func_1_base
YGG,inversting,1.732,1.136,11-26 01:00,11-26 16:00,change <=-0.7,apply_condition_2_to_func_1_base
1INCH,binance,2.092,3.385,11-25 21:00,11-26 06:00,A或者B前6小时存在跌幅 <= -2.4%,apply_condition_2_to_func_1_base
1MBABYDOGE,binance,1.624,3.626,11-26 00:00,11-26 06:00,A或者B前6小时存在跌幅 <= -2.4%,apply_condition_2_to_func_1_base
ACA,binance,1.285,1.127,11-26 00:00,11-26 12:00,A或者B前6小时存在跌幅 <= -2.4%,apply_condition_2_to_func_1_base
AGI,inversting,1.137,1.811,11-26 00:00,11-26 06:00,A或者B前6小时存在跌幅 <= -2.4%,apply_condition_2_to_func_1_base
ALICE,binance,1.455,3.286,11-26 01:00,11-26 06:00,A或者B前6小时存在跌幅 <= -2.4%,apply_condition_2_to_func_1_base
ALPACA,binance,1.282,1.151,11-25 21:00,11-26 05:00,A或者B前6小时存在跌幅 <= -2.4%,apply_condition_2_to_func_1_base
ALTl,inversting,1.121,1.226,11-25 21:00,11-26 17:00,A或者B前6小时存在跌幅 <= -2.4%,apply_condition_2_to_func_1_base
AMP,binance,1.477,2.166,11-25 21:00,11-26 06:00,A或者B前6小时存在跌幅 <= -2.4%,apply_condition_2_to_func_1_base
AMPt,inversting,1.490,1.905,11-25 21:00,11-26 06:00,A或者B前6小时存在跌幅 <= -2.4%,apply_condition_2_to_func_1_base
APE,binance,1.379,1.360,11-25 18:00,11-26 16:00,A或者B前6小时存在跌幅 <= -2.4%,apply_condition_2_to_func_1_base
APU,inversting,1.271,3.138,11-25 19:00,11-26 06:00,A或者B前6小时存在跌幅 <= -2.4%,apply_condition_2_to_func_1_base
AR,inversting,1.913,1.135,11-26 05:00,11-26 16:00,A或者B前6小时存在跌幅 <= -2.4%,apply_condition_2_to_func_1_base
ARPA,binance,1.329,1.201,11-25 18:00,11-26 17:00,A或者B前6小时存在跌幅 <= -2.4%,apply_condition_2_to_func_1_base
ATH,inversting,1.389,1.245,11-25 21:00,11-26 17:00,A或者B前6小时存在跌幅 <= -2.4%,apply_condition_2_to_func_1_base
BAKE,inversting,2.026,1.154,11-25 18:00,11-26 05:00,A或者B前6小时存在跌幅 <= -2.4%,apply_condition_2_to_func_1_base
BANa,inversting,1.683,1.293,11-25 20:00,11-26 17:00,A或者B前6小时存在跌幅 <= -2.4%,apply_condition_2_to_func_1_base
BEAMX,binance,2.827,1.163,11-26 06:00,11-26 08:00,A或者B前6小时存在跌幅 <= -2.4%,apply_condition_2_to_func_1_base
BIGTIME,inversting,1.384,1.218,11-25 18:00,11-26 01:00,A或者B前6小时存在跌幅 <= -2.4%,apply_condition_2_to_func_1_base
BLUR,binance,1.681,1.474,11-25 18:00,11-26 01:00,A或者B前6小时存在跌幅 <= -2.4%,apply_condition_2_to_func_1_base
BLZ,binance,1.399,1.443,11-25 18:00,11-26 17:00,A或者B前6小时存在跌幅 <= -2.4%,apply_condition_2_to_func_1_base
BONK,binance,1.156,1.367,11-25 20:00,11-26 05:00,A或者B前6小时存在跌幅 <= -2.4%,apply_condition_2_to_func_1_base
BRETT,inversting,1.494,3.586,11-26 00:00,11-26 06:00,A或者B前6小时存在跌幅 <= -2.4%,apply_condition_2_to_func_1_base
BURGER,inversting,1.394,1.255,11-26 01:00,11-26 06:00,A或者B前6小时存在跌幅 <= -2.4%,apply_condition_2_to_func_1_base
C98,binance,1.826,1.315,11-25 18:00,11-26 17:00,A或者B前6小时存在跌幅 <= -2.4%,apply_condition_2_to_func_1_base
CAKE,binance,1.244,2.963,11-25 18:00,11-26 06:00,A或者B前6小时存在跌幅 <= -2.4%,apply_condition_2_to_func_1_base
CATI,binance,1.581,1.462,11-25 18:00,11-26 11:00,A或者B前6小时存在跌幅 <= -2.4%,apply_condition_2_to_func_1_base
CATs,inversting,1.319,3.019,11-25 18:00,11-26 06:00,A或者B前6小时存在跌幅 <= -2.4%,apply_condition_2_to_func_1_base
CFX,binance,1.433,1.195,11-26 01:00,11-26 17:00,A或者B前6小时存在跌幅 <= -2.4%,apply_condition_2_to_func_1_base
CLV,binance,2.326,3.282,11-25 21:00,11-26 06:00,A或者B前6小时存在跌幅 <= -2.4%,apply_condition_2_to_func_1_base
COREUM,inversting,1.980,1.365,11-26 03:00,11-26 05:00,A或者B前6小时存在跌幅 <= -2.4%,apply_condition_2_to_func_1_base
COSt,inversting,1.713,1.926,11-25 23:00,11-26 01:00,A或者B前6小时存在跌幅 <= -2.4%,apply_condition_2_to_func_1_base
COTI,binance,1.556,2.925,11-26 01:00,11-26 06:00,A或者B前6小时存在跌幅 <= -2.4%,apply_condition_2_to_func_1_base
CRV,binance,1.175,2.231,11-25 21:00,11-26 00:00,A或者B前6小时存在跌幅 <= -2.4%,apply_condition_2_to_func_1_base
CTSI,binance,1.439,1.202,11-25 18:00,11-26 17:00,A或者B前6小时存在跌幅 <= -2.4%,apply_condition_2_to_func_1_base
DAR,binance,1.403,1.191,11-25 18:00,11-26 01:00,A或者B前6小时存在跌幅 <= -2.4%,apply_condition_2_to_func_1_base
DARn,inversting,1.403,1.305,11-25 18:00,11-26 01:00,A或者B前6小时存在跌幅 <= -2.4%,apply_condition_2_to_func_1_base
DEGEN,inversting,1.197,1.148,11-25 20:00,11-26 01:00,A或者B前6小时存在跌幅 <= -2.4%,apply_condition_2_to_func_1_base
DEGO,inversting,1.114,1.248,11-25 21:00,11-26 16:00,A或者B前6小时存在跌幅 <= -2.4%,apply_condition_2_to_func_1_base
DENT,binance,1.140,1.313,11-25 18:00,11-26 17:00,A或者B前6小时存在跌幅 <= -2.4%,apply_condition_2_to_func_1_base
DIA,inversting,1.205,1.220,11-25 18:00,11-26 00:00,A或者B前6小时存在跌幅 <= -2.4%,apply_condition_2_to_func_1_base
DUSK,inversting,1.738,1.237,11-25 18:00,11-26 17:00,A或者B前6小时存在跌幅 <= -2.4%,apply_condition_2_to_func_1_base
DYDX,binance,1.198,1.193,11-25 18:00,11-26 16:00,A或者B前6小时存在跌幅 <= -2.4%,apply_condition_2_to_func_1_base
EGLD,binance,1.467,1.150,11-26 01:00,11-26 05:00,A或者B前6小时存在跌幅 <= -2.4%,apply_condition_2_to_func_1_base
EIGEN,binance,2.604,2.379,11-26 00:00,11-26 11:00,A或者B前6小时存在跌幅 <= -2.4%,apply_condition_2_to_func_1_base
ELF,inversting,1.805,1.345,11-25 18:00,11-26 16:00,A或者B前6小时存在跌幅 <= -2.4%,apply_condition_2_to_func_1_base
ENS,binance,1.525,1.486,11-26 00:00,11-26 11:00,A或者B前6小时存在跌幅 <= -2.4%,apply_condition_2_to_func_1_base
FIDA,binance,1.357,1.334,11-25 18:00,11-26 01:00,A或者B前6小时存在跌幅 <= -2.4%,apply_condition_2_to_func_1_base
FLOKI,binance,2.319,2.853,11-25 23:00,11-26 06:00,A或者B前6小时存在跌幅 <= -2.4%,apply_condition_2_to_func_1_base
FLUX,binance,1.138,1.177,11-26 04:00,11-26 11:00,A或者B前6小时存在跌幅 <= -2.4%,apply_condition_2_to_func_1_base
FTM,binance,1.724,1.924,11-26 00:00,11-26 05:00,A或者B前6小时存在跌幅 <= -2.4%,apply_condition_2_to_func_1_base
GALA,binance,2.580,1.643,11-25 18:00,11-26 01:00,A或者B前6小时存在跌幅 <= -2.4%,apply_condition_2_to_func_1_base
GME,inversting,1.280,1.793,11-25 19:00,11-26 17:00,A或者B前6小时存在跌幅 <= -2.4%,apply_condition_2_to_func_1_base
GMT,binance,1.581,1.162,11-25 18:00,11-26 01:00,A或者B前6小时存在跌幅 <= -2.4%,apply_condition_2_to_func_1_base
GMTn,inversting,1.441,1.210,11-25 18:00,11-26 01:00,A或者B前6小时存在跌幅 <= -2.4%,apply_condition_2_to_func_1_base
GROK,inversting,1.364,1.288,11-25 19:00,11-26 16:00,A或者B前6小时存在跌幅 <= -2.4%,apply_condition_2_to_func_1_base
HFT,binance,1.827,1.619,11-25 18:00,11-26 01:00,A或者B前6小时存在跌幅 <= -2.4%,apply_condition_2_to_func_1_base
HIGH,binance,1.425,1.171,11-25 18:00,11-26 17:00,A或者B前6小时存在跌幅 <= -2.4%,apply_condition_2_to_func_1_base
HIGHs,inversting,1.368,1.231,11-25 18:00,11-26 17:00,A或者B前6小时存在跌幅 <= -2.4%,apply_condition_2_to_func_1_base
HNT,inversting,1.296,1.160,11-25 18:00,11-26 01:00,A或者B前6小时存在跌幅 <= -2.4%,apply_condition_2_to_func_1_base
ID,binance,1.283,1.184,11-26 11:00,11-26 16:00,A或者B前6小时存在跌幅 <= -2.4%,apply_condition_2_to_func_1_base
IO,binance,1.389,1.161,11-26 00:00,11-26 17:00,A或者B前6小时存在跌幅 <= -2.4%,apply_condition_2_to_func_1_base
IOST,binance,1.335,1.352,11-25 18:00,11-26 17:00,A或者B前6小时存在跌幅 <= -2.4%,apply_condition_2_to_func_1_base
KAVA,inversting,1.347,1.189,11-25 18:00,11-26 17:00,A或者B前6小时存在跌幅 <= -2.4%,apply_condition_2_to_func_1_base
LINA,inversting,1.188,3.584,11-25 18:00,11-26 06:00,A或者B前6小时存在跌幅 <= -2.4%,apply_condition_2_to_func_1_base
LIT,inversting,1.292,1.297,11-25 18:00,11-26 17:00,A或者B前6小时存在跌幅 <= -2.4%,apply_condition_2_to_func_1_base
LOKA,binance,1.271,1.231,11-25 18:00,11-26 17:00,A或者B前6小时存在跌幅 <= -2.4%,apply_condition_2_to_func_1_base
LPT,binance,1.414,1.267,11-25 21:00,11-26 17:00,A或者B前6小时存在跌幅 <= -2.4%,apply_condition_2_to_func_1_base
LQTY,binance,1.325,2.513,11-26 01:00,11-26 06:00,A或者B前6小时存在跌幅 <= -2.4%,apply_condition_2_to_func_1_base
LRC,binance,1.619,3.496,11-26 00:00,11-26 06:00,A或者B前6小时存在跌幅 <= -2.4%,apply_condition_2_to_func_1_base
LUNAt,inversting,1.280,1.363,11-25 18:00,11-26 01:00,A或者B前6小时存在跌幅 <= -2.4%,apply_condition_2_to_func_1_base
MAGIC,binance,1.531,1.296,11-25 18:00,11-26 17:00,A或者B前6小时存在跌幅 <= -2.4%,apply_condition_2_to_func_1_base
MANA,binance,1.223,1.444,11-26 01:00,11-26 17:00,A或者B前6小时存在跌幅 <= -2.4%,apply_condition_2_to_func_1_base
MATIC,inversting,1.264,1.384,11-25 19:00,11-26 01:00,A或者B前6小时存在跌幅 <= -2.4%,apply_condition_2_to_func_1_base
MERL,inversting,1.587,1.105,11-26 10:00,11-26 17:00,A或者B前6小时存在跌幅 <= -2.4%,apply_condition_2_to_func_1_base
MOCA,inversting,2.556,1.210,11-26 10:00,11-26 17:00,A或者B前6小时存在跌幅 <= -2.4%,apply_condition_2_to_func_1_base
MODEn,inversting,1.561,1.347,11-25 18:00,11-25 23:00,A或者B前6小时存在跌幅 <= -2.4%,apply_condition_2_to_func_1_base
MOG,inversting,1.434,1.115,11-25 20:00,11-26 00:00,A或者B前6小时存在跌幅 <= -2.4%,apply_condition_2_to_func_1_base
MOODENG,inversting,1.551,1.445,11-26 00:00,11-26 11:00,A或者B前6小时存在跌幅 <= -2.4%,apply_condition_2_to_func_1_base
MTL,binance,1.611,1.443,11-26 14:00,11-26 16:00,A或者B前6小时存在跌幅 <= -2.4%,apply_condition_2_to_func_1_base
NEAR,binance,1.104,1.700,11-26 00:00,11-26 06:00,A或者B前6小时存在跌幅 <= -2.4%,apply_condition_2_to_func_1_base
NEIRO,binance,2.108,1.128,11-25 21:00,11-26 05:00,A或者B前6小时存在跌幅 <= -2.4%,apply_condition_2_to_func_1_base
NOT,binance,1.328,1.147,11-25 18:00,11-26 01:00,A或者B前6小时存在跌幅 <= -2.4%,apply_condition_2_to_func_1_base
PAAL,inversting,1.124,1.212,11-25 18:00,11-26 06:00,A或者B前6小时存在跌幅 <= -2.4%,apply_condition_2_to_func_1_base
PEOPLE,binance,1.177,1.311,11-25 18:00,11-26 01:00,A或者B前6小时存在跌幅 <= -2.4%,apply_condition_2_to_func_1_base
PEPE,binance,1.182,1.138,11-26 01:00,11-26 05:00,A或者B前6小时存在跌幅 <= -2.4%,apply_condition_2_to_func_1_base
PHB,binance,1.410,1.412,11-26 01:00,11-26 17:00,A或者B前6小时存在跌幅 <= -2.4%,apply_condition_2_to_func_1_base
POL,binance,1.179,1.488,11-25 19:00,11-26 01:00,A或者B前6小时存在跌幅 <= -2.4%,apply_condition_2_to_func_1_base
PONKE,inversting,1.231,2.022,11-25 18:00,11-26 06:00,A或者B前6小时存在跌幅 <= -2.4%,apply_condition_2_to_func_1_base
PYTH,binance,1.170,1.499,11-25 18:00,11-26 16:00,A或者B前6小时存在跌幅 <= -2.4%,apply_condition_2_to_func_1_base
RDNT,binance,1.190,3.249,11-25 18:00,11-26 06:00,A或者B前6小时存在跌幅 <= -2.4%,apply_condition_2_to_func_1_base
REEF,inversting,1.251,2.067,11-26 01:00,11-26 06:00,A或者B前6小时存在跌幅 <= -2.4%,apply_condition_2_to_func_1_base
RIF,inversting,1.192,1.170,11-25 18:00,11-26 01:00,A或者B前6小时存在跌幅 <= -2.4%,apply_condition_2_to_func_1_base
RLC,inversting,2.230,1.249,11-26 01:00,11-26 17:00,A或者B前6小时存在跌幅 <= -2.4%,apply_condition_2_to_func_1_base
RSR,inversting,1.520,1.430,11-26 00:00,11-26 11:00,A或者B前6小时存在跌幅 <= -2.4%,apply_condition_2_to_func_1_base
SAFEt,inversting,1.237,1.478,11-25 21:00,11-26 06:00,A或者B前6小时存在跌幅 <= -2.4%,apply_condition_2_to_func_1_base
SAGA,binance,1.378,1.491,11-25 18:00,11-26 01:00,A或者B前6小时存在跌幅 <= -2.4%,apply_condition_2_to_func_1_base
SCR,binance,1.556,1.295,11-25 18:00,11-26 01:00,A或者B前6小时存在跌幅 <= -2.4%,apply_condition_2_to_func_1_base
SPEC,inversting,1.224,1.884,11-26 01:00,11-26 06:00,A或者B前6小时存在跌幅 <= -2.4%,apply_condition_2_to_func_1_base
SPELL,binance,1.183,1.167,11-25 18:00,11-26 17:00,A或者B前6小时存在跌幅 <= -2.4%,apply_condition_2_to_func_1_base
SSV,binance,4.429,1.543,11-26 01:00,11-26 12:00,A或者B前6小时存在跌幅 <= -2.4%,apply_condition_2_to_func_1_base
STG,binance,1.262,1.126,11-25 21:00,11-26 08:00,A或者B前6小时存在跌幅 <= -2.4%,apply_condition_2_to_func_1_base
STRK,inversting,1.639,1.695,11-26 05:00,11-26 14:00,A或者B前6小时存在跌幅 <= -2.4%,apply_condition_2_to_func_1_base
SUN,binance,1.224,1.242,11-26 00:00,11-26 11:00,A或者B前6小时存在跌幅 <= -2.4%,apply_condition_2_to_func_1_base
SUPER,binance,1.135,2.826,11-26 00:00,11-26 06:00,A或者B前6小时存在跌幅 <= -2.4%,apply_condition_2_to_func_1_base
SUPERf,inversting,1.157,2.483,11-26 00:00,11-26 06:00,A或者B前6小时存在跌幅 <= -2.4%,apply_condition_2_to_func_1_base
SUSHI,binance,1.639,1.437,11-26 01:00,11-26 17:00,A或者B前6小时存在跌幅 <= -2.4%,apply_condition_2_to_func_1_base
SWELL,inversting,2.360,1.195,11-25 18:00,11-26 17:00,A或者B前6小时存在跌幅 <= -2.4%,apply_condition_2_to_func_1_base
SXP,binance,1.182,2.543,11-26 01:00,11-26 06:00,A或者B前6小时存在跌幅 <= -2.4%,apply_condition_2_to_func_1_base
TAIKO,inversting,1.891,2.082,11-25 21:00,11-26 16:00,A或者B前6小时存在跌幅 <= -2.4%,apply_condition_2_to_func_1_base
TAO,binance,2.351,1.124,11-26 06:00,11-26 15:00,A或者B前6小时存在跌幅 <= -2.4%,apply_condition_2_to_func_1_base
TLM,binance,1.443,1.200,11-25 18:00,11-26 17:00,A或者B前6小时存在跌幅 <= -2.4%,apply_condition_2_to_func_1_base
TRU,binance,1.590,1.414,11-26 00:00,11-26 17:00,A或者B前6小时存在跌幅 <= -2.4%,apply_condition_2_to_func_1_base
TRX,inversting,1.635,1.223,11-25 23:00,11-26 06:00,A或者B前6小时存在跌幅 <= -2.4%,apply_condition_2_to_func_1_base
TURBOt,inversting,2.113,1.789,11-25 23:00,11-26 06:00,A或者B前6小时存在跌幅 <= -2.4%,apply_condition_2_to_func_1_base
UNI,binance,1.588,1.139,11-25 19:00,11-26 17:00,A或者B前6小时存在跌幅 <= -2.4%,apply_condition_2_to_func_1_base
VRA,inversting,3.837,1.437,11-25 21:00,11-26 16:00,A或者B前6小时存在跌幅 <= -2.4%,apply_condition_2_to_func_1_base
W,binance,1.524,1.267,11-25 18:00,11-26 17:00,A或者B前6小时存在跌幅 <= -2.4%,apply_condition_2_to_func_1_base
WEMIX,inversting,1.287,1.828,11-26 06:00,11-26 16:00,A或者B前6小时存在跌幅 <= -2.4%,apply_condition_2_to_func_1_base
WEN,inversting,1.555,3.144,11-26 00:00,11-26 06:00,A或者B前6小时存在跌幅 <= -2.4%,apply_condition_2_to_func_1_base
WIF,binance,1.438,1.315,11-26 00:00,11-26 01:00,A或者B前6小时存在跌幅 <= -2.4%,apply_condition_2_to_func_1_base
WOO,binance,1.863,3.559,11-25 21:00,11-26 06:00,A或者B前6小时存在跌幅 <= -2.4%,apply_condition_2_to_func_1_base
XLM,binance,1.374,1.619,11-26 01:00,11-26 16:00,A或者B前6小时存在跌幅 <= -2.4%,apply_condition_2_to_func_1_base
YFI,inversting,1.209,1.223,11-25 18:00,11-26 00:00,A或者B前6小时存在跌幅 <= -2.4%,apply_condition_2_to_func_1_base
ZEN,inversting,1.706,1.125,11-26 01:00,11-26 16:00,A或者B前6小时存在跌幅 <= -2.4%,apply_condition_2_to_func_1_base
THL,inversting,3.002,1.136,11-26 00:00,11-26 10:00,change <=-0.7,apply_condition_2_to_func_1_base
AKRO,inversting,1.796,1.406,11-25 21:00,11-26 04:00,A或者B前6小时存在跌幅 <= -2.4%,apply_condition_2_to_func_1_base
ALPHA,inversting,2.321,3.149,11-25 21:00,11-26 06:00,change <=-0.7,apply_condition_2_to_func_1_base
NIKO,inversting,3.425,1.540,11-26 05:00,11-26 15:00,change <=-0.7,apply_condition_2_to_func_1_base
OG,binance,7.297,4.680,11-26 18:00,11-26 20:00,change <=-0.7,apply_condition_2_to_func_1_base
TNSR,binance,1.424,2.041,11-26 00:00,11-26 19:00,change <=-0.7,apply_condition_2_to_func_1_base
TOKENf,inversting,1.267,2.679,11-25 21:00,11-26 19:00,change <=-0.7,apply_condition_2_to_func_1_base
BADGER,binance,1.200,1.685,11-25 21:00,11-26 19:00,A或者B前6小时存在跌幅 <= -2.4%,apply_condition_2_to_func_1_base
GLM,binance,3.863,2.282,11-26 09:00,11-26 16:00,A或者B前6小时存在跌幅 <= -2.4%,apply_condition_2_to_func_1_base
HFT,binance,1.416,1.619,11-25 21:00,11-26 01:00,A或者B前6小时存在跌幅 <= -2.4%,apply_condition_2_to_func_1_base
POWR,inversting,6.476,3.262,11-26 16:00,11-26 19:00,A或者B前6小时存在跌幅 <= -2.4%,apply_condition_2_to_func_1_base
QUICKs,inversting,1.875,1.154,11-25 21:00,11-26 18:00,A或者B前6小时存在跌幅 <= -2.4%,apply_condition_2_to_func_1_base
RBTCo,inversting,1.170,1.497,11-25 22:00,11-26 15:00,A或者B前6小时存在跌幅 <= -2.4%,apply_condition_2_to_func_1_base
STT,inversting,2.353,5.379,11-26 05:00,11-26 06:00,A或者B前6小时存在跌幅 <= -2.4%,apply_condition_2_to_func_1_base
NIKO,inversting,3.425,1.540,11-26 05:00,11-26 15:00,change <=-0.7,apply_condition_2_to_func_1_base
OG,binance,7.297,4.680,11-26 18:00,11-26 20:00,change <=-0.7,apply_condition_2_to_func_1_base
GLM,inversting,4.081,1.182,11-26 09:00,11-26 16:00,A或者B前6小时存在跌幅 <= -2.4%,apply_condition_2_to_func_1_base
LDO,binance,1.800,1.666,11-26 05:00,11-26 16:00,change <=-0.7,apply_condition_2_to_func_1_base
YGG,inversting,1.732,1.136,11-26 01:00,11-26 16:00,change <=-0.7,apply_condition_2_to_func_1_base
CATs,inversting,1.669,3.019,11-26 01:00,11-26 06:00,A或者B前6小时存在跌幅 <= -2.4%,apply_condition_2_to_func_1_base
CRV,binance,2.231,1.231,11-26 00:00,11-26 17:00,A或者B前6小时存在跌幅 <= -2.4%,apply_condition_2_to_func_1_base
DIA,inversting,1.220,1.316,11-26 00:00,11-26 19:00,A或者B前6小时存在跌幅 <= -2.4%,apply_condition_2_to_func_1_base
EOS,binance,1.791,2.576,11-26 01:00,11-26 06:00,A或者B前6小时存在跌幅 <= -2.4%,apply_condition_2_to_func_1_base
LOKA,inversting,1.449,1.231,11-26 00:00,11-26 17:00,A或者B前6小时存在跌幅 <= -2.4%,apply_condition_2_to_func_1_base
MOODENG,inversting,1.551,1.445,11-26 00:00,11-26 11:00,A或者B前6小时存在跌幅 <= -2.4%,apply_condition_2_to_func_1_base
PNUT,binance,1.159,1.963,11-26 00:00,11-26 20:00,A或者B前6小时存在跌幅 <= -2.4%,apply_condition_2_to_func_1_base
PROM,binance,1.982,1.297,11-26 01:00,11-26 22:00,A或者B前6小时存在跌幅 <= -2.4%,apply_condition_2_to_func_1_base
QUICKs,inversting,1.148,1.120,11-26 00:00,11-26 08:00,A或者B前6小时存在跌幅 <= -2.4%,apply_condition_2_to_func_1_base
SUN,inversting,1.182,1.931,11-26 00:00,11-26 19:00,A或者B前6小时存在跌幅 <= -2.4%,apply_condition_2_to_func_1_base
TAIKO,inversting,1.368,2.082,11-26 01:00,11-26 16:00,A或者B前6小时存在跌幅 <= -2.4%,apply_condition_2_to_func_1_base
NIKO,inversting,3.425,1.540,11-26 05:00,11-26 15:00,change <=-0.7,apply_condition_2_to_func_1_base
PSG,binance,2.349,2.405,11-26 17:00,11-26 20:00,change <=-0.7,apply_condition_2_to_func_1_base
SLERF,inversting,2.867,1.481,11-26 06:00,11-26 22:00,A或者B前6小时存在跌幅 <= -2.4%,apply_condition_2_to_func_1_base
NIKO,inversting,3.425,1.540,11-26 05:00,11-26 15:00,change <=-0.7,apply_condition_2_to_func_1_base
PUFFER,inversting,1.818,3.963,11-26 05:00,11-26 06:00,change <=-0.7,apply_condition_2_to_func_1_base
RBTCo,inversting,1.615,1.497,11-26 01:00,11-26 15:00,A或者B前6小时存在跌幅 <= -2.4%,apply_condition_2_to_func_1_base
SAND,binance,2.219,1.646,11-26 01:00,11-26 05:00,A或者B前6小时存在跌幅 <= -2.4%,apply_condition_2_to_func_1_base
SLF,binance,4.538,1.479,11-26 15:00,11-27 00:00,A或者B前6小时存在跌幅 <= -2.4%,apply_condition_2_to_func_1_base
CATI,inversting,1.673,1.211,11-26 05:00,11-26 23:00,change <=-0.7,apply_condition_2_to_func_1_base
MAVIA,inversting,1.579,2.267,11-26 05:00,11-26 11:00,change <=-0.7,apply_condition_2_to_func_1_base
PUFFER,inversting,1.818,3.963,11-26 05:00,11-26 06:00,change <=-0.7,apply_condition_2_to_func_1_base
SLERF,inversting,2.867,2.642,11-26 06:00,11-26 19:00,change <=-0.7,apply_condition_2_to_func_1_base
SLF,inversting,2.882,1.195,11-26 17:00,11-27 01:00,change <=-0.7,apply_condition_2_to_func_1_base
TNSR,binance,1.173,2.041,11-26 05:00,11-26 19:00,change <=-0.7,apply_condition_2_to_func_1_base
1MBABYDOGE,binance,1.164,1.210,11-26 05:00,11-26 17:00,A或者B前6小时存在跌幅 <= -2.4%,apply_condition_2_to_func_1_base
ACA,binance,3.614,2.275,11-26 06:00,11-26 19:00,A或者B前6小时存在跌幅 <= -2.4%,apply_condition_2_to_func_1_base
ALTl,inversting,1.341,1.226,11-26 05:00,11-26 17:00,A或者B前6小时存在跌幅 <= -2.4%,apply_condition_2_to_func_1_base
ATA,binance,3.274,1.355,11-26 06:00,11-26 17:00,A或者B前6小时存在跌幅 <= -2.4%,apply_condition_2_to_func_1_base
BADGER,binance,2.889,1.685,11-26 06:00,11-26 19:00,A或者B前6小时存在跌幅 <= -2.4%,apply_condition_2_to_func_1_base
CFX,inversting,1.321,3.193,11-26 03:00,11-26 06:00,A或者B前6小时存在跌幅 <= -2.4%,apply_condition_2_to_func_1_base
CKB,binance,1.104,3.387,11-26 03:00,11-26 06:00,A或者B前6小时存在跌幅 <= -2.4%,apply_condition_2_to_func_1_base
CLV,binance,1.295,3.282,11-26 04:00,11-26 06:00,A或者B前6小时存在跌幅 <= -2.4%,apply_condition_2_to_func_1_base
CRV,binance,1.147,1.238,11-26 05:00,11-27 01:00,A或者B前6小时存在跌幅 <= -2.4%,apply_condition_2_to_func_1_base
CTSI,binance,3.463,1.202,11-26 06:00,11-26 17:00,A或者B前6小时存在跌幅 <= -2.4%,apply_condition_2_to_func_1_base
DENT,binance,2.543,1.313,11-26 06:00,11-26 17:00,A或者B前6小时存在跌幅 <= -2.4%,apply_condition_2_to_func_1_base
ELF,inversting,1.186,1.804,11-26 02:00,11-26 09:00,A或者B前6小时存在跌幅 <= -2.4%,apply_condition_2_to_func_1_base
ENS,inversting,1.528,1.444,11-26 05:00,11-26 11:00,A或者B前6小时存在跌幅 <= -2.4%,apply_condition_2_to_func_1_base
ETHFI,inversting,1.685,1.439,11-26 05:00,11-27 01:00,A或者B前6小时存在跌幅 <= -2.4%,apply_condition_2_to_func_1_base
GLM,binance,3.863,2.282,11-26 09:00,11-26 16:00,A或者B前6小时存在跌幅 <= -2.4%,apply_condition_2_to_func_1_base
IO,inversting,1.525,1.202,11-26 05:00,11-26 17:00,A或者B前6小时存在跌幅 <= -2.4%,apply_condition_2_to_func_1_base
LEVER,inversting,3.616,1.210,11-26 06:00,11-26 17:00,A或者B前6小时存在跌幅 <= -2.4%,apply_condition_2_to_func_1_base
LOKA,inversting,2.659,1.231,11-26 06:00,11-26 17:00,A或者B前6小时存在跌幅 <= -2.4%,apply_condition_2_to_func_1_base
MERL,inversting,1.587,1.102,11-26 10:00,11-26 23:00,A或者B前6小时存在跌幅 <= -2.4%,apply_condition_2_to_func_1_base
MOCA,inversting,2.556,1.210,11-26 10:00,11-26 17:00,A或者B前6小时存在跌幅 <= -2.4%,apply_condition_2_to_func_1_base
NEIROe,inversting,1.207,1.216,11-26 05:00,11-26 20:00,A或者B前6小时存在跌幅 <= -2.4%,apply_condition_2_to_func_1_base
NOT,binance,1.255,1.371,11-26 08:00,11-26 16:00,A或者B前6小时存在跌幅 <= -2.4%,apply_condition_2_to_func_1_base
OP,binance,1.795,1.131,11-26 05:00,11-27 01:00,A或者B前6小时存在跌幅 <= -2.4%,apply_condition_2_to_func_1_base
REZ,binance,1.274,1.473,11-26 02:00,11-27 01:00,A或者B前6小时存在跌幅 <= -2.4%,apply_condition_2_to_func_1_base
SAND,binance,1.213,1.646,11-26 04:00,11-26 05:00,A或者B前6小时存在跌幅 <= -2.4%,apply_condition_2_to_func_1_base
SCR,binance,1.307,1.228,11-26 02:00,11-26 17:00,A或者B前6小时存在跌幅 <= -2.4%,apply_condition_2_to_func_1_base
SNX,inversting,1.293,1.869,11-26 05:00,11-26 19:00,A或者B前6小时存在跌幅 <= -2.4%,apply_condition_2_to_func_1_base
SPELL,binance,3.293,1.167,11-26 06:00,11-26 17:00,A或者B前6小时存在跌幅 <= -2.4%,apply_condition_2_to_func_1_base
STRK,inversting,1.695,1.754,11-26 02:00,11-26 21:00,A或者B前6小时存在跌幅 <= -2.4%,apply_condition_2_to_func_1_base
SUSHI,binance,2.957,1.437,11-26 06:00,11-26 17:00,A或者B前6小时存在跌幅 <= -2.4%,apply_condition_2_to_func_1_base
WEMIX,inversting,1.287,1.828,11-26 06:00,11-26 16:00,A或者B前6小时存在跌幅 <= -2.4%,apply_condition_2_to_func_1_base
XCH,inversting,1.108,2.829,11-26 02:00,11-26 06:00,A或者B前6小时存在跌幅 <= -2.4%,apply_condition_2_to_func_1_base
PSG,binance,2.349,1.490,11-26 17:00,11-27 03:00,change <=-0.7,apply_condition_2_to_func_1_base
PSG,binance,2.349,1.490,11-26 17:00,11-27 03:00,change <=-0.7,apply_condition_2_to_func_1_base
PSG,binance,2.349,1.490,11-26 17:00,11-27 03:00,change <=-0.7,apply_condition_2_to_func_1_base
GLM,binance,3.863,2.282,11-26 09:00,11-26 16:00,A或者B前6小时存在跌幅 <= -2.4%,apply_condition_2_to_func_1_base
OG,binance,4.680,2.225,11-26 20:00,11-26 22:00,change <=-0.7,apply_condition_2_to_func_1_base
PSG,binance,2.349,1.490,11-26 17:00,11-27 03:00,change <=-0.7,apply_condition_2_to_func_1_base
DYDX,binance,1.279,1.193,11-26 12:00,11-26 16:00,A或者B前6小时存在跌幅 <= -2.4%,apply_condition_2_to_func_1_base
OG,binance,4.680,2.225,11-26 20:00,11-26 22:00,change <=-0.7,apply_condition_2_to_func_1_base
PSG,binance,2.349,1.490,11-26 17:00,11-27 03:00,change <=-0.7,apply_condition_2_to_func_1_base
SAND,binance,1.860,3.029,11-26 11:00,11-27 02:00,change <=-0.7,apply_condition_2_to_func_1_base
TNSR,binance,1.322,2.041,11-26 17:00,11-26 19:00,change <=-0.7,apply_condition_2_to_func_1_base
DAR,binance,1.167,1.525,11-26 11:00,11-26 17:00,A或者B前6小时存在跌幅 <= -2.4%,apply_condition_2_to_func_1_base
DYDX,binance,1.279,1.193,11-26 12:00,11-26 16:00,A或者B前6小时存在跌幅 <= -2.4%,apply_condition_2_to_func_1_base
LOKA,binance,1.193,1.231,11-26 08:00,11-26 17:00,A或者B前6小时存在跌幅 <= -2.4%,apply_condition_2_to_func_1_base
NOT,binance,1.255,1.371,11-26 08:00,11-26 16:00,A或者B前6小时存在跌幅 <= -2.4%,apply_condition_2_to_func_1_base
PYTH,binance,1.121,1.499,11-26 08:00,11-26 16:00,A或者B前6小时存在跌幅 <= -2.4%,apply_condition_2_to_func_1_base
SCR,binance,1.289,1.228,11-26 11:00,11-26 17:00,A或者B前6小时存在跌幅 <= -2.4%,apply_condition_2_to_func_1_base
SLF,binance,3.527,1.479,11-26 12:00,11-27 00:00,A或者B前6小时存在跌幅 <= -2.4%,apply_condition_2_to_func_1_base
XLM,binance,1.678,1.192,11-26 12:00,11-27 02:00,A或者B前6小时存在跌幅 <= -2.4%,apply_condition_2_to_func_1_base
GLM,binance,2.028,2.282,11-26 13:00,11-26 16:00,A或者B前6小时存在跌幅 <= -2.4%,apply_condition_2_to_func_1_base
OG,binance,4.680,2.225,11-26 20:00,11-26 22:00,change <=-0.7,apply_condition_2_to_func_1_base
OG,binance,4.680,2.225,11-26 20:00,11-26 22:00,change <=-0.7,apply_condition_2_to_func_1_base
GLM,binance,2.028,2.282,11-26 13:00,11-26 16:00,A或者B前6小时存在跌幅 <= -2.4%,apply_condition_2_to_func_1_base
NIKO,inversting,1.540,2.089,11-26 15:00,11-26 18:00,A或者B前6小时存在跌幅 <= -2.4%,apply_condition_2_to_func_1_base
THETA,binance,1.939,1.414,11-27 01:00,11-27 10:00,A或者B前6小时存在跌幅 <= -2.4%,apply_condition_2_to_func_1_base
POND,binance,2.629,1.421,11-27 05:00,11-27 09:00,A或者B前6小时存在跌幅 <= -2.4%,apply_condition_2_to_func_1_base
NUT,inversting,8.421,7.447,11-27 14:00,11-27 15:00,change <=-0.7,apply_condition_2_to_func_1_base
POWR,binance,5.487,1.802,11-26 16:00,11-27 12:00,change <=-0.7,apply_condition_2_to_func_1_base
NUT,inversting,8.421,7.447,11-27 14:00,11-27 15:00,change <=-0.7,apply_condition_2_to_func_1_base
POWR,inversting,3.262,1.580,11-26 19:00,11-26 20:00,A或者B前6小时存在跌幅 <= -2.4%,apply_condition_2_to_func_1_base
SWELL,inversting,1.195,1.216,11-26 17:00,11-27 13:00,A或者B前6小时存在跌幅 <= -2.4%,apply_condition_2_to_func_1_base
POND,binance,2.629,1.421,11-27 05:00,11-27 09:00,A或者B前6小时存在跌幅 <= -2.4%,apply_condition_2_to_func_1_base
EML,inversting,4.617,1.772,11-26 20:00,11-27 19:00,change <=-0.7,apply_condition_2_to_func_1_base
NUT,inversting,8.421,7.447,11-27 14:00,11-27 15:00,change <=-0.7,apply_condition_2_to_func_1_base
CHILLGUY,inversting,3.618,5.210,11-27 19:00,11-27 23:00,A或者B前6小时存在跌幅 <= -4%(other),apply_condition_2_to_func_1_base
FRED,inversting,2.187,2.041,11-27 20:00,11-27 22:00,A或者B前6小时存在跌幅 <= -4%(other),apply_condition_2_to_func_1_base
VVAIFU,inversting,1.771,4.302,11-27 20:00,11-27 23:00,A或者B前6小时存在跌幅 <= -4%(other),apply_condition_2_to_func_1_base
EML,inversting,7.087,1.264,11-27 14:00,11-27 21:00,A或者B前6小时存在跌幅 <= -4%(other),apply_condition_2_to_func_1_base
NIKO,inversting,2.691,2.032,11-27 15:00,11-28 03:00,A或者B前6小时存在跌幅 <= -4%(other),apply_condition_2_to_func_1_base
THEn,inversting,2.413,5.039,11-28 02:00,11-28 03:00,A或者B前6小时存在跌幅 <= -4%(other),apply_condition_2_to_func_1_base
DAG,inversting,2.683,1.575,11-28 02:00,11-28 03:00,A或者B前6小时存在跌幅 <= -4%(other),apply_condition_2_to_func_1_base
NIKO,inversting,6.259,2.032,11-27 13:00,11-28 03:00,A或者B前6小时存在跌幅 <= -4%(other),apply_condition_2_to_func_1_base
NIKO,inversting,6.259,2.032,11-27 13:00,11-28 03:00,A或者B前6小时存在跌幅 <= -4%(other),apply_condition_2_to_func_1_base
QUBIC,inversting,5.017,3.846,11-27 23:00,11-28 01:00,change <=-0.7(other),apply_condition_2_to_func_1_base
PUFFER,inversting,1.113,1.805,11-28 05:00,11-28 08:00,A或者B前6小时存在跌幅 <= -4%(other),apply_condition_2_to_func_1_base
VVAIFU,inversting,1.771,2.363,11-27 20:00,11-28 09:00,A或者B前6小时存在跌幅 <= -4%(other),apply_condition_2_to_func_1_base
PUFFER,inversting,1.113,1.805,11-28 05:00,11-28 08:00,A或者B前6小时存在跌幅 <= -4%(other),apply_condition_2_to_func_1_base
SWELL,inversting,1.369,1.877,11-28 02:00,11-28 09:00,A或者B前6小时存在跌幅 <= -4%(other),apply_condition_2_to_func_1_base
VVAIFU,inversting,1.771,2.363,11-27 20:00,11-28 09:00,A或者B前6小时存在跌幅 <= -4%(other),apply_condition_2_to_func_1_base
PIKA,inversting,16.000,5.882,11-28 05:00,11-28 09:00,A或者B前6小时存在跌幅 <= -4%(other),apply_condition_2_to_func_1_base
VVAIFU,inversting,1.771,2.363,11-27 20:00,11-28 09:00,A或者B前6小时存在跌幅 <= -4%(other),apply_condition_2_to_func_1_base
BILLY,inversting,1.512,1.366,11-27 17:00,11-28 11:00,A或者B前6小时存在跌幅 <= -4%(other),apply_condition_2_to_func_1_base
METIS,binance,1.300,1.116,11-28 07:00,11-28 11:00,A或者B前6小时存在跌幅 <= -2.5%(binance),apply_condition_2_to_func_1_base
MAVIA,inversting,1.512,1.420,11-28 09:00,11-28 14:00,A或者B前6小时存在跌幅 <= -4%(other),apply_condition_2_to_func_1_base
EML,inversting,1.772,2.354,11-27 19:00,11-28 16:00,A或者B前6小时存在跌幅 <= -4%(other),apply_condition_2_to_func_1_base
ENA,binance,1.635,1.129,11-28 10:00,11-28 17:00,A或者B前6小时存在跌幅 <= -2.5%(binance),apply_condition_2_to_func_1_base
BILLY,inversting,3.324,1.147,11-27 22:00,11-28 18:00,A或者B前6小时存在跌幅 <= -4%(other),apply_condition_2_to_func_1_base
SCR,binance,1.282,2.009,11-28 09:00,11-28 19:00,A或者B前6小时存在跌幅 <= -2.5%(binance),apply_condition_2_to_func_1_base
BILLY,inversting,3.324,1.147,11-27 22:00,11-28 18:00,A或者B前6小时存在跌幅 <= -4%(other),apply_condition_2_to_func_1_base
HOT,binance,1.259,1.144,11-27 23:00,11-28 19:00,A或者B前6小时存在跌幅 <= -2.5%(binance),apply_condition_2_to_func_1_base
SCR,binance,1.282,2.009,11-28 09:00,11-28 19:00,A或者B前6小时存在跌幅 <= -2.5%(binance),apply_condition_2_to_func_1_base
EML,inversting,2.331,2.233,11-28 01:00,11-28 21:00,A或者B前6小时存在跌幅 <= -4%(other),apply_condition_2_to_func_1_base
THEn,inversting,2.413,1.615,11-28 02:00,11-28 22:00,A或者B前6小时存在跌幅 <= -4%(other),apply_condition_2_to_func_1_base
VVAIFU,inversting,4.794,2.861,11-28 04:00,11-28 23:00,A或者B前6小时存在跌幅 <= -4%(other),apply_condition_2_to_func_1_base
CHILLGUY,inversting,2.183,1.234,11-28 04:00,11-29 03:00,A或者B前6小时存在跌幅 <= -4%(other),apply_condition_2_to_func_1_base
CHILLGUY,inversting,2.326,1.234,11-28 05:00,11-29 03:00,A或者B前6小时存在跌幅 <= -4%(other),apply_condition_2_to_func_1_base
NIKO,inversting,1.573,1.939,11-28 09:00,11-29 03:00,A或者B前6小时存在跌幅 <= -4%(other),apply_condition_2_to_func_1_base
UXLINK,inversting,1.435,1.623,11-29 00:00,11-29 03:00,A或者B前6小时存在跌幅 <= -4%(other),apply_condition_2_to_func_1_base
AMP,binance,2.027,1.545,11-29 05:00,11-29 07:00,A或者B前6小时存在跌幅 <= -2.5%(binance),apply_condition_2_to_func_1_base
AMP,binance,3.151,2.637,11-29 00:00,11-29 01:00,change <=-0.7(binance),apply_condition_2_to_func_1_base
LUMIA,binance,2.575,1.425,11-28 16:00,11-29 12:00,A或者B前6小时存在跌幅 <= -2.5%(binance),apply_condition_2_to_func_1_base
AMP,binance,3.151,2.637,11-29 00:00,11-29 01:00,change <=-0.7(binance),apply_condition_2_to_func_1_base
